capital,monthly_savings,age,good_partner
0.8498386448495457,0.06555271710276199,0.7480551936186323,0.0
0.17796763330619642,0.8869826433996515,0.36674012803737793,1.0
0.05307257584651242,0.9557717012023694,0.19211169773568545,1.0
0.36114158064251783,0.8027032917812079,0.009598579140322094,0.0
0.2747534329644177,0.589484000210714,0.45819267448460094,1.0
0.5300935245940612,0.050470555778476256,0.9734078889645096,0.0
0.3053602168148887,0.03241914253769072,0.9845304820673065,0.0
0.30391145707623096,0.7599523518098326,0.8814358756081311,0.0
0.11061758790566684,0.253066798352093,0.5687678632769223,0.0
0.24917731654203637,0.8489446386301115,0.9442484645755731,0.0
0.9188510649715591,0.24382638730857334,0.36648109553049435,1.0
0.2634666121690072,0.7451668321404047,0.1805203122960476,1.0
0.7184133425950048,0.7025107191300066,0.11718789258915904,1.0
0.8667851471405584,0.39804812989005717,0.6919364096207495,1.0
0.80797898614733,0.33756182942278645,0.8350865480177083,1.0
0.2097143950808525,0.8112064206350541,0.32542051797714683,1.0
0.16628083397737267,0.6549167588283392,0.7915064372380991,0.0
0.045393474533221345,0.0869765272935734,0.3745985402037776,0.0
0.03808820047124222,0.7369981894445644,0.5813564488543893,1.0
0.19936459525013434,0.812923858121235,0.21921881008623234,1.0
1.0,0.30494295655236153,0.5445832298110977,1.0
0.37242284219602445,0.8520415269386866,0.45103665661427567,1.0
0.7612742776428025,0.24572249477948876,0.6701145219383742,0.0
0.4734032720289773,0.9319548327348933,0.28820290918321023,1.0
0.5097495834618037,0.8614326425967253,0.03164403292979001,1.0
0.9463393335774087,0.9579949982788937,0.40020519266809923,1.0
0.10831628350353559,0.5934893902135515,0.44957596026540697,1.0
0.4649976034973181,0.6500440368096251,0.09789216590272602,0.0
0.14051831994695763,0.5605920169970489,0.9664136606500205,0.0
0.5384663531933401,0.05419784860704955,0.987455367194735,0.0
0.29841982203339196,0.6243070970907939,0.6294851508248034,0.0
0.5378610543559418,0.9229609301057101,0.30745066565250107,1.0
0.6661154657999417,0.9438167339449902,0.3729262819754172,1.0
0.36394005408281327,0.4300173161153288,0.4847018368293394,1.0
0.6233825701865882,0.021916002347742623,0.792946958830126,0.0
0.6431461744724059,0.35116109489629843,0.8619618019708525,1.0
0.419755004529212,0.39042937625772295,0.6748069231624386,0.0
0.4029669126545176,0.7039087013624625,0.08461821262638682,0.0
0.3901074968695158,0.5373180787081056,0.8664888394111534,0.0
0.40592257611855803,0.9442548252337775,0.9510309238235609,0.0
0.0784490895365308,0.9458573061104745,0.3370484850373819,1.0
0.055547743935675895,0.25703397161832503,0.47840270377844607,0.0
0.0771100078218658,0.05064331448240826,0.7151549689464797,0.0
0.6962531744493093,0.3140893207272574,0.7987715193225794,0.0
0.027794986839996844,0.8148482441529932,0.09509561881407615,0.0
0.49949695233272207,0.6410888252970087,0.5613101835349814,1.0
0.13157142095381633,0.6025388789708328,0.10658327016976203,0.0
0.029396305242312175,0.030389194134679765,0.21502421824964962,0.0
0.6399013034874826,0.23948219676874566,0.4945852778721931,1.0
0.4458470304094422,0.8730340141317026,0.9794866893251468,0.0
0.9759935853314129,0.4372882865461831,0.22566809663085938,1.0
0.32927661996918023,0.0888542373194527,0.2750001081787016,0.0
0.1945446249396435,0.39638007735476044,0.38720505705359465,1.0
0.6845877322207629,0.6062620338069544,0.13150654098613296,1.0
0.3506716162514351,0.15274176155120175,0.08042932457421731,0.0
0.7718307435823576,0.30363688477053186,0.4498416947054314,1.0
0.7926545458451745,0.17763837499965981,0.19718002405865573,1.0
0.44371729319942194,0.49208134868278375,0.9787458906978739,0.0
0.2681616815582215,0.31059432468446485,0.5674688343130355,0.0
0.022525159110122074,0.5271420204954572,0.11160221410387718,0.0
0.37096419780160983,0.3995320138109207,0.4238355484383744,1.0
0.09656642600828712,0.7946216453327467,0.06591486248651877,0.0
0.7281905694921493,0.3311370657580279,0.8928599938837297,1.0
0.45933243221410386,0.734024293245135,0.2539351905593265,1.0
0.5205621219033437,0.92456705207365,0.22271068270382904,1.0
0.6851120840659171,0.933598405567048,0.6473766825527136,1.0
0.4250789255394277,0.569630580773029,0.8939545431580854,0.0
0.6037801373804961,0.04614397780614267,0.5660258970898367,1.0
0.8247974061340836,0.8512738180924122,0.0690480164129575,1.0
0.45173723505584057,0.870568578277853,0.35831241821572285,1.0
0.8890799960321638,0.05422476807437902,0.38055685674731243,1.0
0.21959200612398436,0.6415748273068983,0.39715168850359345,1.0
0.10568465196532596,0.37083524534781004,0.49406825424179407,1.0
0.010596254422146923,0.8306001412728301,0.538380903909219,1.0
0.9191634721456295,0.1840817026919143,0.8226475838559524,0.0
0.6369695838658919,0.17201676894809975,0.21861005835975483,1.0
0.21895265188628835,0.6840946278823914,0.31143627404680013,1.0
0.5476968041631444,0.4097416670741347,0.2707253621624829,1.0
0.9220300604169848,0.9724059841723982,0.7577880187922682,1.0
0.8767650087103732,0.5276910271889196,0.18653379158511685,1.0
0.12651458722255943,0.29941777780087186,0.9207728523711581,0.0
0.30308844999254064,0.2898222750189878,0.7983015778612785,0.0
0.29470696545367864,0.9952996201476221,0.3042985386539055,1.0
0.5693121187361389,0.8639330055036023,0.6416333390335386,1.0
0.7441339053527484,0.18680546940574458,0.9130038243617322,0.0
0.32952659810710766,0.34109961297749514,0.8416717683439447,0.0
0.6081721295352794,0.851691972937847,0.6556790684880328,1.0
0.5157269724558293,0.7970140506676627,0.9648874904290424,1.0
0.9210282081086776,0.28188466936172935,0.9583405050242764,0.0
0.20050370144676777,0.6248173360418363,0.46810416291632234,1.0
0.00020072693990536632,0.8223532415695299,0.8900841703520906,0.0
0.07049309887820897,0.07071409652367626,0.6643850715115548,0.0
0.4202691726577049,0.5399940664464784,0.5421031542399074,1.0
0.498920231266298,0.660462096766824,0.1564448385584691,1.0
0.5739722877875589,0.8654923990843122,0.6064830500322901,1.0
0.8814861456207982,0.7231395130086263,0.7025744008356852,1.0
0.19985517505398975,0.5697878801150051,0.8803613717057596,0.0
0.42095472434149994,0.9843584795956526,0.17047896681482022,1.0
0.933541129644961,0.8778599801012043,0.1461748941792869,1.0
0.3628990313190606,0.4392914488757093,0.6321190831880557,0.0
0.013598996729982857,0.4686421856792855,0.14082325371602653,1.0
0.9008964859337274,0.4849411263433612,0.5638394568599514,1.0
0.6157419507244954,0.37240295713122823,0.6557701935410843,1.0
0.9723183553086742,0.3246114046408753,0.3950442274286821,1.0
0.6219802164069816,0.8343041039627004,0.6930195573515938,1.0
0.937537837661331,0.28773971142471294,0.5181928211288596,1.0
0.5993338518564603,0.15813133492831097,0.5263341871746037,1.0
0.138235151412915,0.3341604605362029,0.5531327118381901,1.0
0.6788997410870392,0.5754722221537286,0.4168918059258734,1.0
0.5464798873184151,0.6568625125868314,0.37427166358230074,1.0
0.007621883049108688,0.2486619260877707,0.47632254815602204,0.0
0.775575735171866,0.8206624109976067,0.9794644774920215,1.0
0.12032899143219929,0.7917228503561555,0.46597631621268587,1.0
0.517450762959388,0.6557148614417239,0.10476028637685181,1.0
0.6662406349587453,0.3741474230196053,0.19541914788866246,1.0
0.7636838358530988,0.3004314661298394,0.2626444809636272,1.0
0.9421676942597289,0.6101042783361692,0.3536587992950327,1.0
0.12289950858573413,0.24762361023690055,0.6237378011105525,0.0
0.20915793605975574,0.21864809556278403,0.7191252901520506,0.0
0.3649819784280954,0.20912721391829994,0.060214351231726936,0.0
0.4010072931116163,0.5713928002659472,0.976427630258149,0.0
0.5902733554581607,0.20911262246741225,0.38227528828068424,1.0
0.9953578305903323,0.9633990393910606,0.3633851115971658,1.0
0.6118393350456703,0.5081239131791746,0.7434831300744533,1.0
0.6835598888165447,0.5733366600781235,0.8507798002932943,1.0
0.0950424184047791,0.7377447284601509,0.34060895855958184,1.0
0.43383570707287444,0.21397194189581972,0.8553018642550498,0.0
0.12808568565711603,0.8137054425142011,0.09297303147651315,0.0
0.21458130143789625,0.2758517235616618,0.5259941967605898,0.0
0.8510905260915048,0.1454949617924923,0.19707997218324488,1.0
0.36961696980793035,0.8157586232314885,0.962356088406188,0.0
0.22742768174885025,0.3123637994335285,0.3247861268547049,0.0
0.8609859395329934,0.04378336586539438,0.8267763317219423,0.0
0.46565713510639806,0.573222468944755,0.05239731138486516,0.0
0.6786412389652153,0.9696274978880925,0.4768826752523769,1.0
0.3775266481616645,0.8496025600097229,0.68998068865013,0.0
0.7170693110898813,0.5676382231865714,0.4423876300564999,1.0
0.364633051445309,0.28162749674969934,0.5063975976118326,0.0
0.5516777924961022,0.5825830784030022,0.7734678241271381,1.0
0.5865257216725654,0.22925274671624127,0.03657032914552983,0.0
0.11427527214478547,0.19521392273983248,0.012507023727051135,0.0
0.15855112751799377,0.6262292089015903,0.20402537345533722,1.0
0.7461583769273386,0.4284265000591133,0.07163505439499651,1.0
0.4722672275693542,0.16635785681426063,0.9360901497527061,0.0
0.6305877828874772,0.015839812000435115,0.33033236411123584,1.0
0.8129275510158024,0.9735033961494589,0.198844391970223,1.0
0.06474434634962686,0.2478910085600347,0.0028310699458690947,0.0
0.29934276287799644,0.7065098627354379,0.9808475231562076,0.0
0.6239476438680989,0.9425388833114552,0.9853189156077151,1.0
0.49317372483233435,0.8013926009426569,0.34368555887520885,1.0
0.7900672672131738,0.9740974793023524,0.0021496541140720543,1.0
0.8397816978804808,0.9968545318942128,0.367560815038379,1.0
0.7620429048200021,0.2596986483856914,0.7474192630389099,0.0
0.12039626820177936,0.2011202574000373,0.48449401251884167,0.0
0.9711155093107661,0.7957091775408596,0.23875293844826387,1.0
0.8648737956399459,0.6316320070947976,0.09400145521175016,1.0
0.09813064186423831,0.6316555396741645,0.20188995360856177,1.0
0.34220319303964325,0.6117952633523925,0.4083791728258814,1.0
0.034783353042857096,0.352645366534788,0.5637085743774256,1.0
0.5870995656870927,0.3020973631783848,0.9754967530058354,0.0
0.7982567935606624,0.7892943308437659,0.8841891709277114,1.0
0.9705020746677343,0.6596053036535642,0.20473497135724306,1.0
0.9698744474228644,0.17325600956833737,0.4422488216441814,1.0
0.07781063695343457,0.9860210995035281,0.6822821641463052,0.0
0.18383169930470872,0.22368427853933415,0.940101149167155,0.0
0.8846576998742188,0.05093985662753459,0.07389523197729192,0.0
0.7452311876821031,0.9053266819333711,0.5494516000070079,1.0
0.1660533881061059,0.9422606704323242,0.33015418128418633,1.0
0.4383364022709213,0.15858862597220913,0.2178101273295282,0.0
0.5127002680024672,0.5822093506517604,0.4367461878056523,1.0
0.216565345488161,0.36916473601037125,0.1416996447327845,1.0
0.10049036256974135,0.4178338972246462,0.3979610871257672,1.0
0.24824050591220234,0.4788628300771848,0.484587336925534,1.0
0.9679760062204293,0.9280018013514575,0.7937627313850152,1.0
0.8227889763049495,0.9180190238318288,0.23252478253390993,1.0
0.4349333507318858,0.9233166474575298,0.2603674641568982,1.0
0.8287721653871719,0.9095858591338172,0.8406673807732794,1.0
0.04622648929456738,0.10372806926388783,0.6478811418598305,0.0
0.770644432333857,0.6493169517367784,0.33220509646494434,1.0
0.9669623110375766,0.9638402151486585,0.4933346261707335,1.0
0.029514148179930158,0.6261053017064743,0.6883923159356929,0.0
0.5911664975932771,0.029967207213986494,0.13945338511542785,1.0
0.7490644075757817,0.5895946279442129,0.5695618411970633,1.0
0.19755908786049084,0.5879813591179509,0.7753905300977922,0.0
0.45213314206931693,0.7054807962756636,0.15999921084734295,1.0
0.2520556804996676,0.9663295292795823,0.42207064845975,1.0
0.8181855762481122,0.9487427271259992,0.2025991806980313,1.0
0.9521786613696033,0.6646584094339278,0.11117267472695357,1.0
0.2615618324943817,0.9681201659292522,0.2911733148015273,1.0
0.13218262618936646,0.41750018936288974,0.9702234390420613,0.0
0.16691176783341913,0.7949055931104009,0.4045351736964195,1.0
0.4101439815022227,0.33931247951776766,0.758444203667167,0.0
0.48417219562436387,0.8941219737247295,0.02333848267556832,0.0
0.14506750684765435,0.6424009885607671,0.8874939848202261,0.0
0.7181925154096388,0.37308898835360094,0.8871772899978771,1.0
0.3694814726667567,0.283743374306459,0.11958199907470249,0.0
0.1575593367874107,0.6701386375692902,0.8911109467355226,0.0
0.6033540204158594,0.5177990706237173,0.20073081653995728,1.0
0.3116009435468315,0.42425643982239897,0.11475542889725514,0.0
0.9234131612970131,0.26630690783058086,0.9709728569633098,0.0
0.7699872696872823,0.15218475469405426,0.848554004009221,0.0
0.5409494881701996,0.08247404212377657,0.911498684311444,0.0
0.2675959945157702,0.11060535243873659,0.9025628663055217,0.0
0.7337147691147504,0.4581524037503314,0.09760044136233983,1.0
0.005904024194000101,0.11506707677047508,0.7617688875105278,0.0
0.8972490398626469,0.7790518128944286,0.16805849177033824,1.0
0.20836703119742248,0.9737591180793859,0.4492759676258286,1.0
0.8423226386059564,0.8025884596130158,0.1807303300739338,1.0
0.4878573879027112,0.7254952401908186,0.5588474944115438,1.0
0.8857291293500873,0.9381720960610986,0.33048304041809945,1.0
0.4880363703141594,0.06686933320671387,0.727494294831088,0.0
0.49450058884934595,0.7726542709845495,0.12111523881790597,0.0
0.208580675056047,0.566584890376483,0.8927749440131185,0.0
0.26150219581174,0.209227465440822,0.27536723288928006,0.0
0.6238164736920363,0.6516373141248617,0.21611243530905008,1.0
0.45505632507423593,0.31607582373944765,0.8459549530896616,0.0
0.9100440249228603,0.849053823432233,0.8251586484685204,1.0
0.555158363979602,0.23198663573368952,0.43034902290208465,1.0
0.7036958326244073,0.6981221976525763,0.26117069217932914,1.0
0.2043431838993455,0.6940839335208594,0.1580215383281788,1.0
0.2637970217406459,0.9361968566853844,0.09470442481283352,0.0
0.41673777145160756,0.22091651143438654,0.8191685830289214,0.0
0.024751067736048342,0.27313522779354404,0.005747567678438095,0.0
0.7096421300517672,0.3176050294099293,0.6902389338628078,0.0
0.41955086170947214,0.03740830804981307,0.5164424812404773,0.0
0.018652149403827034,0.6390079660494008,0.6211890786327737,0.0
0.6784248578357641,0.8785413868039076,0.09342598158536362,1.0
0.36455178755775447,0.7984503028427141,0.29378784357160975,1.0
0.22455641168697846,0.7189321933387727,0.18995480773289225,1.0
0.509033202042664,0.4815970008377832,0.3714332821241304,1.0
0.14340166923437428,0.46734706686811495,0.7804193057476871,0.0
0.9423246665309172,0.4117222096070893,0.25656073210689606,1.0
0.014533986634705657,0.2579806272380098,0.05874463803191192,0.0
0.7285625986765959,0.7353034687486167,0.17986657128153044,1.0
0.8595853443945481,0.26951644415065495,0.22260523497333642,1.0
0.8738558319870835,0.6767843876035404,0.5643638931436289,1.0
0.5284952066850896,0.6662384727761321,0.5414595060726008,1.0
0.40815029407096043,0.5636310191526364,0.2379526433492273,1.0
0.743260316644269,0.6903380509951375,0.9688837752984042,1.0
0.801299880482763,0.9752408414062844,0.888727868127722,1.0
0.2688178210660433,0.8294245774968275,0.2936624253607199,1.0
0.26350607881363025,0.4178407638678826,0.28353158133579826,1.0
0.24703484698128966,0.5410687184593675,0.8212710906978646,0.0
0.8611831773375819,0.18417300197326342,0.6611027589077549,0.0
0.9488578640678599,0.9926605185860866,0.028945380121918968,1.0
0.15301063756962333,0.052273818463078936,0.4616099006586208,0.0
0.9466912660915031,0.7515252473042683,0.7544015865232047,1.0
0.5033352522059306,0.38093075571127144,0.8868544925805243,1.0
0.3218286718877681,0.09577344957950154,0.7874462878078614,0.0
0.7607192631075254,0.8104564903558268,0.3653657805778035,1.0
0.9267226403922341,0.9927092990912577,0.39543105176662563,1.0
0.2598266453415885,0.8767745210766814,0.7051125267855316,0.0
0.08137551002778674,0.8815642843321392,0.545775984834648,1.0
0.05223504122600569,0.8991644751850592,0.09637955551320648,0.0
0.8060201842045861,0.7335963922792407,0.6888674921612411,1.0
0.3111869161353629,0.9320099294587287,0.8394055856416301,0.0
0.650508572796582,0.5591592956900656,0.8231517489481801,1.0
0.17046977787378595,0.34615100885771255,0.36570464856237456,1.0
0.8009901075568688,0.7138590695637502,0.29808172206260675,1.0
0.40223068584079424,0.7103987151357964,0.20176178518351426,1.0
0.05913411547572045,0.8124082217787977,0.4178444621694647,1.0
0.6027438891489227,0.7862240032058194,0.5863082625587182,1.0
0.1733369806290888,0.6973493558448041,0.7371728222958674,0.0
0.4293650786493715,0.5142744033984106,0.9628947170295777,0.0
0.4182327676033942,0.9566571395123997,0.023755174575239384,0.0
0.9295148673970709,0.5050209106808893,0.9738997617183153,1.0
0.9296183979078737,0.6858401354383286,0.22177641144968782,1.0
0.311016231839865,0.4627083444131093,0.31951712413379374,1.0
0.24992322182917578,0.6200022779559029,0.6579312320329446,0.0
0.8717245999102247,0.8902124722408166,0.17648538587555987,1.0
0.6865159684908675,0.37669376330580523,0.4621440296721595,1.0
0.32038255448642133,0.4151085598862708,0.5382811014822181,1.0
0.6699018593115901,0.41016249936013877,0.8595828355443592,1.0
0.9412919003385468,0.9667804562705649,0.5223314741835119,1.0
0.8142819355501784,0.3862896966813695,0.8108105930533976,1.0
0.05591581342076899,0.6811449188132658,0.3152095624670849,1.0
0.9799814932797702,0.7303670931101846,0.8302244844518109,1.0
0.9018910827042097,0.17098644486351944,0.07970393137120553,0.0
0.3924182714785441,0.2774267510452868,0.009657408800094186,0.0
0.8925784863602414,0.0634507543240667,0.8448472652750227,0.0
0.4738073497175255,0.3278604932594573,0.9764074964368286,0.0
0.7604612893680525,0.31280975318887816,0.76501658722591,0.0
0.8288951002875607,0.6790302850206887,0.8514433256202375,1.0
0.13403249625766772,0.7325515830234897,0.43386314423610833,1.0
0.33157883325136484,0.30989333989378565,0.7990461540023094,0.0
0.041432432147765846,0.7098813943828131,0.11362706740438759,0.0
0.06820187193080278,0.8865577401931615,0.5323002917444545,1.0
0.6173362464678388,0.2610802999661528,0.5963526981350807,1.0
0.5925666464476079,0.13653245371186626,0.46324103225117863,1.0
0.9632782117599925,0.9846621163101291,0.23962033070995878,1.0
0.24997758226534778,0.07164415801551154,0.16052173534012337,0.0
0.9363748815318362,0.4614129960337042,0.3331547574988118,1.0
0.4750940176581029,0.9478773806447127,0.4833437091165123,1.0
0.6828890858097743,0.6613930959330496,0.32175737554049133,1.0
0.04105886061891969,0.8432306504347483,0.8571350765613379,0.0
0.9630674090255912,0.4499801202508224,0.44951201645354194,1.0
0.2183090242545972,0.6588039528896086,0.5146115604083207,1.0
0.2619928188183815,0.6960528838959481,0.6962207930504256,0.0
0.7727673856630692,0.005981396201206473,0.5320346897411532,1.0
0.8751504058250049,0.8013225392514193,0.9727173356632796,1.0
0.993470772743658,0.1697036613198289,0.04023108972281368,0.0
0.7089150407218685,0.7595456273582981,0.19471661246150054,1.0
0.4135288550036485,0.5232904025397569,0.880021379330608,0.0
0.0,0.4727853357193627,0.16982787982334985,1.0
0.9342977566911229,0.8647770275775207,0.9767297264166132,1.0
0.8606794262774164,0.5400304939601424,0.46239058334897726,1.0
0.06994861680709354,0.6599923883284329,0.5982739525109018,1.0
0.23625764543702937,0.5955488312235352,0.9325953232535974,0.0
0.7368415277630589,0.9542045031388028,0.9196228663146512,1.0
0.2595913702291945,0.9772134133430342,0.4694736044464368,1.0
0.16675880645111624,0.5511427782815558,0.9860626401997651,0.0
0.9760719147795796,0.9359959146008874,0.08184281289214809,1.0
0.3913646289915006,0.20289642035956937,0.12435666732045304,0.0
0.3083431337451432,0.44976313954719926,0.7820318591531494,0.0
0.22862406333099825,0.027428006908856786,0.8738349650739106,0.0
0.05990484848044163,0.7771970869764647,0.7475229589383059,0.0
0.4684381970964932,0.4559513164541852,0.7219893921836157,0.0
0.02238075408394551,0.046734525837375814,0.6026991970486583,0.0
0.7188025779631566,0.6450821355960085,0.2098149440836905,1.0
0.36825660119004433,0.2649401637805146,0.07977384333705742,0.0
0.551444946874654,0.8495775755589448,0.16240339390816017,1.0
0.8509971149981603,0.8253544263174838,0.7468144241439502,1.0
0.5308131288578111,0.42430330904845687,0.48554222443234196,1.0
0.9975161196334706,0.08272541823857744,0.459163812771882,1.0
0.9232257041851696,0.5273024788564793,0.8919388479671573,1.0
0.5449817066486552,0.9710692345035776,0.21266837425750837,1.0
0.6965978500323289,0.3524549722426028,0.9844384919344191,1.0
0.8313863254284869,0.7555252207191862,0.6516574844173195,1.0
0.21884159458243913,0.7797740081422727,0.8352211504187109,0.0
0.4379308339247506,0.24698886047351876,0.8424297443769356,0.0
0.8854105249207629,0.7102243712261852,0.5087594522457602,1.0
0.04857556929397325,0.7287558347940335,0.2638898422439382,1.0
0.5369786218101485,0.8705278096585503,0.25028819492108045,1.0
0.25392328972495837,0.9656225701466662,0.9253933395557022,0.0
0.39805598272436066,0.9577419209050202,0.7144278659356474,0.0
0.23163098641211147,0.5916179659894643,0.34223587166325925,1.0
0.6126269665202789,0.9961829783751808,0.4535251637028582,1.0
0.83038874944919,0.27481353537415093,0.4580775294474478,1.0
0.9259325556795355,0.6639113089819604,0.460244918361604,1.0
0.14784547934210976,0.7171959949124063,0.9069878106649476,0.0
0.9150583276986212,0.5101055528469663,0.6145278849416211,1.0
0.7731670916920784,0.17478622754785442,0.0014902117570030282,0.0
0.7807506140257781,0.30719711848001396,0.8228387271521282,0.0
0.7813189384397976,0.8409945725002452,0.4938252732538315,1.0
0.27179709368054783,0.7080568779869573,0.8771057287608071,0.0
0.3171932927032048,0.053011932007816814,0.21730431628075736,0.0
0.45812924585103565,0.3676045375561779,0.651480301791172,0.0
0.08179714718378113,0.850956918846343,0.5561148805018807,1.0
0.5129518303309694,0.4905806054845319,0.5827168389085117,1.0
0.6493452683051608,0.9096105774279737,0.21261930599861836,1.0
0.16148678693830246,0.4039627646081682,0.09096369615170131,0.0
0.05639669769386972,0.35733273546611066,0.23612545118077058,1.0
0.8798996547920954,0.5702334081383701,0.20803991565907812,1.0
0.5292150470980063,0.3266495023364437,0.7325131779646311,0.0
0.2808126773716519,0.5811027403391615,0.09999234635289869,0.0
0.7808656266900854,0.4427998422417848,0.8297929340790591,1.0
0.522960417990743,0.2399875241985041,0.9286371626004191,0.0
0.48107732737769393,0.8233787614928151,0.13806409000366787,1.0
0.13903620535120287,0.9074682780254102,0.041202710501060114,0.0
0.23809649302837177,0.47894827488164793,0.2498366033655957,1.0
0.324078349629269,0.38137772849220464,0.8127124325802306,0.0
0.699975248063774,0.6770488451156632,0.5169965595517949,1.0
0.23418008095122203,0.28031501152702704,0.9047112225020295,0.0
0.43487939556888044,0.9545708984196721,0.7031795746236893,0.0
0.9555020773302867,0.9531679511584531,0.13551058070838012,1.0
0.9638371422413996,0.33782387669853564,0.0685686052474074,1.0
0.2741464341516101,0.3896910479968152,0.08927226644287999,0.0
0.766264565262273,0.9167203074619894,0.07803253531323787,1.0
0.9336766441037517,0.7930518697150348,0.06269913949101014,1.0
0.5261413990954262,0.3258748905619362,0.8242858335677254,0.0
0.634900596856548,0.5085709803871326,0.07364023662477559,1.0
0.48565286047514006,0.4834649063537921,0.7335302369575726,0.0
0.256582102231683,0.7350942595846921,0.08529737012917296,0.0
0.47321825586513244,0.7389002808918698,0.2722339518234493,1.0
0.7736869084215422,0.29014701183685837,0.21613397990406613,1.0
0.7534447776875691,0.338722511827572,0.5553711212787351,1.0
0.2559486024074408,0.14238906481354738,0.10516016245835788,0.0
0.7565844283337838,0.866460631504101,0.4673380504644014,1.0
0.363243940418024,0.003738681250369677,0.7817617398936108,0.0
0.0712417070401811,0.3012340797842288,0.3364619147630805,0.0
0.8089225629727855,0.01273227885492952,0.36488548905036544,1.0
0.9377708951163033,0.46317437044027826,0.6310960825716665,1.0
0.09178010846438132,0.36592402909376204,0.9510978843273068,0.0
0.9925921588926074,0.16450905650989472,0.0067130074221203,0.0
0.3711847131910062,0.20568132700388275,0.19018426654205114,0.0
0.8992995118244601,0.6592718261321968,0.13297662121102924,1.0
0.6546363337060974,0.042304325380104965,0.6392970294104378,0.0
0.7697268082213374,0.266726519831099,0.2617604781158502,1.0
0.1680706240563583,0.22832440792783168,0.15717315883906524,0.0
0.6780182826552437,0.02125134306342444,0.9961420365016553,0.0
0.49964086445150274,0.46919785030397604,0.5551714323203363,1.0
0.32512500540380984,0.068549047901396,0.02808798349780232,0.0
0.15738965687559964,0.875488331690052,0.07977297477995479,0.0
0.9127330456629961,0.0007597122043729936,0.15947029378497915,1.0
0.6525618994021827,0.3988210376481774,0.8873288320420137,1.0
0.7509916535182523,0.055608263305437514,0.21518860626846711,1.0
0.6774125488415509,0.3318762477375078,0.946434652717509,1.0
0.1990578594063027,0.8558826077341027,0.635855321081692,0.0
0.9706521348434827,0.7194394769213994,0.43385883586443724,1.0
0.3989804228987926,0.5783325882274925,0.11098539798754305,0.0
0.3506032873070289,0.2095354386831347,0.7506545191718801,0.0
0.32382221760340213,0.9083450550377801,0.9124909107370043,0.0
0.8486923836155073,0.9685674664601985,0.3458883113547964,1.0
0.3833013758584793,0.05754918329042704,0.5601385440494138,0.0
0.4845632072737969,0.5217829194438385,0.6670710799767351,0.0
0.026553057230168424,0.502044105390385,0.15122178792907837,1.0
0.12389515792847254,0.3028292072269681,0.9150037050505039,0.0
0.04833560528376965,0.016561286674914435,0.8890854074089528,0.0
0.35890557727328737,0.556120874819663,0.23918334062875593,1.0
0.7815189813087247,0.3535934033171537,0.1814631370041831,1.0
0.10802275987622975,0.4126231696798017,0.07288947784466483,0.0
0.8245430361403406,0.21866678924322405,0.20163123853600617,1.0
0.18443188704917085,0.747890701151657,0.07512376575469218,0.0
0.2583926216062078,0.9662642730675866,0.36544798039700077,1.0
0.8163194715083665,0.65923002878719,0.9445995239982142,1.0
0.01464797452670734,0.9971419654107488,0.290981090669591,1.0
0.0029955782268359984,0.8660953658681629,0.13690879710419354,1.0
0.8683704320516457,0.04750474377542867,0.4348748075513824,1.0
0.3418144817926906,0.8128710477658079,0.4736503097162214,1.0
0.7993207261255629,0.301932867065924,0.5296764398536203,1.0
0.012709813469936125,0.8390990196386804,0.1227151792838797,0.0
0.6289889998077101,0.6427017695703234,0.5535090043551515,1.0
0.7654358121900472,0.7428885216288725,0.3601743250537935,1.0
0.00629010857815559,0.5274433779135791,0.544707406321057,1.0
0.38525381357151595,0.3279247890683969,0.8986332346463393,0.0
0.2720733838707587,0.6388581124540588,0.8959656078411591,0.0
0.741042388354574,0.3578569174057421,0.12623894940819064,1.0
0.934440782698742,0.20963226481423372,0.4928805686451919,1.0
0.9380329633573808,0.27890145394572613,0.2361948258784512,1.0
0.0024495621827339974,0.9837044973613813,0.9309888035963696,0.0
0.06512288063307162,0.7612547948856605,0.5780450876469195,1.0
0.019794766815124924,0.6264183902307162,0.5952618462475722,1.0
0.810384833662253,0.7183800959680767,0.6340445087635136,1.0
0.6361303230582784,0.17667585132332553,0.323394255554811,1.0
0.07132323848385239,0.07665400268812317,0.592705949168795,0.0
0.6626095637638487,0.911592573043527,0.8851169856498702,1.0
0.5154673012116301,0.8363118482114713,0.5076351754013252,1.0
0.3144727201659794,0.033444172666013613,0.9783627406934978,0.0
0.7184498013038869,0.6726352713963307,0.42843586199390055,1.0
0.8626099216611627,0.5736133185756344,0.5169759392530269,1.0
8.621265676948243e-05,0.7138723976606248,0.7499354886561891,0.0
0.07110593420202894,0.4139906246484165,0.1767078056027257,1.0
0.1618552068743317,0.8912203332994602,0.1431699178893306,1.0
0.7364998701078285,0.05014156342248166,0.9645043501743223,0.0
0.30595052485237867,0.8813775379980489,0.8028781739869781,0.0
0.5565371986517287,0.8175196211570726,0.4884312053268225,1.0
0.9255907730907021,0.2730963770695823,0.5880932029263468,1.0
0.22818514306844306,0.0635658130909343,0.27361812673910385,0.0
0.40964367793359774,0.10299891723196564,0.6891346030321425,0.0
0.42613025648676445,0.9899782299479735,0.22185849609880462,1.0
0.7469860282274675,0.6343577468363211,0.22733984208725683,1.0
0.7989069066522005,0.47574520983958657,0.784971610573658,1.0
0.7060230343436109,0.4673025837709768,0.7091608296938711,1.0
0.5774612055454609,0.418075152354061,0.4567024282870065,1.0
0.988782768240819,0.7587998729022243,0.5553131907659501,1.0
0.6537679975452793,0.301542572195275,0.3850575072080721,1.0
0.15365245407778472,0.6213877093394866,0.6444657567115009,0.0
0.11121729220661287,0.43846209366415767,0.7575854146144633,0.0
0.5676062338616533,0.9366674931736674,0.6058132116361103,1.0
0.17257493065495114,0.12600186659786122,0.1511676991598589,0.0
0.13317118070775447,0.7443611159419309,0.8271001583567446,0.0
0.2904164438450861,0.5433580277146856,0.1278817637780744,0.0
0.3081196556983857,0.44769187299251834,0.1960437752114083,1.0
0.8682042628328502,0.8264685335230051,0.7134565479940403,1.0
0.07714994964501398,0.38719596756090446,0.2501061714673172,1.0
0.9859792250359106,0.011465274676366122,0.8428427755590804,0.0
0.6798904887067884,0.863487218822362,0.2545796839378072,1.0
0.22905603826908114,0.5045719677490506,0.68684668467065,0.0
0.37211112734779683,0.2933701539029429,0.2015905983389237,0.0
0.04887342614194998,0.8822614459053808,0.46832854600582874,1.0
0.34816320175640353,0.5320306452356961,0.3272695128243819,1.0
0.8826177073583715,0.2556313035366338,0.39759183628074496,1.0
0.8277627788812676,0.474164409990046,0.8770105427210096,1.0
0.16704679999120942,0.6278685846806047,0.8410694262866717,0.0
0.40453532488062266,0.17027448071142087,0.7676305667886436,0.0
0.5939359450870467,0.5405943726491969,0.6862357777446566,1.0
0.6023400572998155,0.5385264651469067,0.1738634166152658,1.0
0.671156047527755,0.33394030999153507,0.9285822301391145,1.0
0.8491814511990059,0.1169070593832938,0.9037357957090809,0.0
0.7660069981548981,0.8384195613809923,0.3801011772317166,1.0
0.5981999494079837,0.6485156358564507,0.942156180431073,1.0
0.18333155446684235,0.32704700258763747,0.5809317877230844,0.0
0.08440393552602132,0.11925380456291085,0.14446794932577708,0.0
0.903897768221126,0.608763362608716,0.020479469196338924,1.0
0.540092309894598,0.22760561768509924,0.6186054279670739,0.0
0.8710389974004593,0.9385309758765871,0.9442788955721462,1.0
0.44728162979134284,0.839147356806615,0.6212426344243314,0.0
0.2412787929496794,0.802315629360452,0.5138873817013779,1.0
0.36603679191985183,0.2563725802801862,0.5432266862811498,0.0
0.3502598372284689,0.6537843128084248,0.8470794585882557,0.0
0.6806024869036572,0.17422511709291985,0.515493889424266,1.0
0.24488624936426934,0.8219113444516993,0.371315955326985,1.0
0.4639929152835745,0.01102304822566559,0.7202249285322866,0.0
0.7746143166192683,0.06421295784965265,0.7423395608893544,0.0
0.3337197999928254,0.7658291729863262,0.8311877354783462,0.0
0.8001011723824929,0.5869406011117725,0.04311856762006739,1.0
0.8108148403675741,0.5189259172733763,0.43994008921740596,1.0
0.388938444062742,0.25461477951669154,0.5517687204268154,0.0
0.5526796235285049,0.35025895698645226,0.45640161813688424,1.0
0.592218548536159,0.22271357330104574,0.9456069847245471,0.0
0.21900072791671954,0.29141438194155533,0.9312273734751241,0.0
0.08333963216198866,0.9730704399505077,0.7632361373802544,0.0
0.4832348999613793,0.44290289711048614,0.6817299205103604,0.0
0.405882489050604,0.7886172968616794,0.18732904560588678,1.0
0.8312221495296249,0.8533842978303539,0.1503231248299729,1.0
0.10193379164626062,0.24694260330479295,0.6614250819031395,0.0
0.8451899202305189,0.16574964182364196,0.5481657327479514,1.0
0.8532102054274044,0.22018364149414174,0.3041751786649346,1.0
0.1635937977202224,0.27748831823007863,0.39743423991247345,0.0
0.055864723799772774,0.3482351769226064,0.4210899878391701,1.0
0.5613592954587591,0.08006396657052765,0.6749016675585109,0.0
0.47699942362513287,0.4409317483422646,0.2979979344794811,1.0
0.4913771800276105,0.5090546203798356,0.10194166375429863,0.0
0.31374266697457076,0.13529197602001675,0.1866875948274256,0.0
0.357081052359369,0.039727499153134234,0.4141458213554471,0.0
0.15610288175342155,0.17992398240638438,0.9690888240502121,0.0
0.8819483242741489,0.6020607424755269,0.7077110821459015,1.0
0.08030866327079106,0.4631858582183273,0.1202104594245534,0.0
0.0719665621824022,0.9379267613024663,0.7892804343343376,0.0
0.45717299526059874,0.8721721818097594,0.7181302106953095,0.0
0.018414961096847978,0.509816135822131,0.8422794316239668,0.0
0.03250288811336356,0.24582473390449333,0.9158407339310556,0.0
0.270324831434938,0.38621513681834074,0.9271661852968794,0.0
0.5091707898834031,0.9352285155794716,0.28408930806357574,1.0
0.5824596817027602,0.31709956890582014,0.6612257075747633,0.0
0.14448480161546798,0.8490148027379663,0.6858705318164441,0.0
0.5629697053222038,0.42713849000220966,0.5243812018247267,1.0
0.21057761619424983,0.473616370368272,0.7601629952076591,0.0
0.953018469198495,0.5099916659378458,0.9722467028803388,1.0
0.17265583160772577,0.9236952090666114,0.966140876587844,0.0
0.24389984902425474,0.02935367272707302,0.3208792821161131,0.0
0.36354786540418177,0.47180946659321477,0.648479172481955,0.0
0.970372893218589,0.6675204078471181,0.9429508194711643,1.0
0.06851547851457201,0.8702462954157738,0.028298448930349336,0.0
0.07919926276522385,0.4715254878201119,0.26296310728242106,1.0
0.46642818990005613,0.880182915690737,0.6031771044122292,1.0
0.5059420344594108,0.4699718761053429,0.17390982300315222,1.0
0.7457477074409874,0.7548518918970538,0.7816227282006105,1.0
0.392771131487788,0.5992444653887254,0.38824396650714726,1.0
0.6770138930006858,0.5752671531906094,0.5828816535152109,1.0
0.8799381427315914,0.25079030871498037,0.43660984545611753,1.0
0.8820551013404841,0.14688110754053732,0.2308185136223351,1.0
0.4809046122437059,0.9673266805697619,0.3167791894372263,1.0
0.8767164171818376,0.4323328396125303,0.020743221760948553,1.0
0.23384184361120786,0.4752945408128102,0.05787166837686775,0.0
0.8132055769483186,0.9017095015480072,0.38090058222423484,1.0
0.6087771525416924,0.9055756592120162,0.6248798739803387,1.0
0.5595448573860959,0.27870335181738226,0.20086917920015154,1.0
0.241269152000068,0.3654248431636963,0.737237428227753,0.0
0.2736340267636482,0.2604347653825867,0.5506923501836394,0.0
0.007957896690313602,0.7747830790919593,0.07460909040449074,0.0
0.10164684516277726,0.09540804486806721,0.5425817439456706,0.0
0.046733599504948264,0.5172332105989788,0.7987903268543085,0.0
0.11634743798821212,0.8845294545117505,0.5199708295911021,1.0
0.43960916865925065,0.9581981064769423,0.8937994816749275,0.0
0.6043824687340831,0.4356414322172856,0.27112838326392286,1.0
0.08710056518209429,0.7788452866942915,0.218790262288103,1.0
0.36677996988869854,0.33284684786677654,0.5407929631101821,1.0
0.428709386888895,0.014232218123840148,0.11648537515495096,0.0
0.2743649648041363,0.3072796730541897,0.04795605089453651,0.0
0.7948067587161527,0.06953243650509924,0.0,0.0
0.008905597979894835,0.7805454152985093,0.9096005532996734,0.0
0.37386713340664085,0.7929128960048493,0.9894579618126416,0.0
0.488190333896704,0.00971769061972228,0.7747655078739574,0.0
0.5151947515268562,0.5799861294114942,0.6650846088376442,1.0
0.8833790947691796,0.047159817201812046,0.6169043631591244,0.0
0.4985249946932256,0.4029782299071508,0.6366354643360344,1.0
0.4223408418936688,0.7600729270563301,0.4877905616649604,1.0
0.44560054518651304,0.5206846726614244,0.7186404102950924,0.0
0.6094131614385518,0.7841880002820044,0.15820533707136308,1.0
0.7526019069695926,0.518922044421471,0.8590651747426251,1.0
0.5024494058758686,0.02875791593645135,0.23671095421423055,1.0
0.5340505581596107,0.8832943300978034,0.1937648304078778,1.0
0.4319183943712304,0.2573239421163539,0.841116348819947,0.0
0.5743215547792806,0.9761767267908307,0.48216091602365985,1.0
0.5927470886328452,0.37315123546639734,0.2698832712982367,1.0
0.6398088882504079,0.5148435593234434,0.2659600011998922,1.0
0.2523713982795439,0.9857686160353161,0.46293995063719645,1.0
0.7750924510257357,0.03834800840518686,0.491072155337428,1.0
0.45838142147361016,0.23510572834946075,0.9624996253732534,0.0
0.37248845360203514,0.5777867130015059,0.07650159815405494,0.0
0.8218515088446353,0.2776423510773544,0.024191950197090032,0.0
0.10473272134902047,0.5073684165097416,0.5856047355938385,1.0
0.4662501876057174,0.4677294000698524,0.6542518000279881,0.0
0.21060379667593343,0.7117125576127971,0.10388293657614157,0.0
0.1354110729920953,0.7990864844509662,0.06959031305773969,0.0
0.010765399590844571,0.5785623318991324,0.8626872645408273,0.0
0.466139168580081,0.9465657290441616,0.41115327262323853,1.0
0.5142088241101077,0.3582156050459412,0.4964181864021453,1.0
0.08101614908775152,0.8011990063417516,0.38110728627198576,1.0
0.4136710396036156,0.5155358767940976,0.4653494956998535,1.0
0.03983052560411618,0.17345431238799838,0.9515060813802294,0.0
0.7220126508296297,0.9521179463174161,0.46578399351135125,1.0
0.35771109708587734,0.37299761281305494,0.8862287311896357,0.0
0.6725251000706932,0.782642414479011,0.3399298443063893,1.0
0.6801780379419106,0.33044243261292355,0.33921478187644066,1.0
0.561108602631975,0.4102224204230091,0.5841080116829767,1.0
0.14237883086918748,0.677023719597963,0.6083406214530712,1.0
0.5085315331130662,0.6869677881813399,0.6534138947415242,1.0
0.01609488165954851,0.6199476513271174,0.38097463648005153,1.0
0.8466453611439555,0.3603571185066691,0.20426547058247782,1.0
0.7038934548162572,0.34204672137071235,0.17082500674244833,1.0
0.729282047306374,0.012994772513518497,0.28332602311543825,1.0
0.3341604211650581,0.25900797208779186,0.604190774100005,0.0
0.65944471800653,0.16086441153928552,0.686138601777965,0.0
0.6738982110816083,0.9921813014512633,0.9660710741958625,1.0
0.6259647971247385,0.4991526720627304,0.9990955754692569,1.0
0.07652740369831687,0.9148804019285655,0.2763352882019635,1.0
0.06599314850309371,0.6216367379036589,0.023431851162868323,0.0
0.5003844953778259,0.992708959597273,0.12649090937765725,1.0
0.0396071401943364,0.17860884368586818,0.03584932085296175,0.0
0.15789284488396085,0.26961459063571247,0.8178411973375894,0.0
0.4650080600727764,0.3503661717138636,0.16625823041004228,1.0
0.0853599698772749,0.7878598916950597,0.2939612667331851,1.0
0.31800850267014924,0.160619938468317,0.6624830997501053,0.0
0.364244415971155,0.4864015909511831,0.5681814167886151,1.0
0.35254262318880486,0.7151518898089715,0.7065445020247123,0.0
0.032490032274602884,0.4093135231184336,0.2722001015926121,1.0
0.17176767572293944,0.35191498367137214,0.20664941894094008,1.0
0.0681058288338566,0.957388991867315,0.5801041462321949,1.0
0.6931923454626158,0.230788478357761,0.8793090189470916,0.0
0.6034121215644862,0.131735600579165,0.13702642354364153,1.0
0.5596749925083644,0.9635273909334143,0.2985998441222671,1.0
0.18141861892513902,0.6737383336612045,0.7497839547180044,0.0
0.1982081322010023,0.8528024074991004,0.725121992714804,0.0
0.6749360181683107,0.2838963799867054,0.30267649533288543,1.0
0.5516113260369959,0.9086472955494723,0.5257556195922443,1.0
0.024123504183427825,0.4497329907415824,0.5721187110538384,1.0
0.8987101920831152,0.7675304138141762,0.7670810390087452,1.0
0.33185834327921326,0.25446292004862625,0.7775426363935056,0.0
0.12620351212880798,0.4090750784985984,0.41020319259525223,1.0
0.1014638422326964,0.386441048553676,0.30407520039771924,1.0
0.5751936160868076,0.18008111840377772,0.5178483218405243,1.0
0.5639566158687671,0.6228327855518587,0.27664255523595427,1.0
0.06629361685888936,0.4170830295726895,0.2149329718298609,1.0
0.3038757668641987,0.28425826425285156,0.19161040096607676,0.0
0.4049877049771051,0.07364044333816405,0.13358525585601494,0.0
0.8776325394739877,0.7135497395291138,0.3342467762971285,1.0
0.9327012622293134,0.7376468041502403,0.8608543541932475,1.0
0.4498168329246892,0.2733464926691902,0.1794717105004276,0.0
0.7005969943950152,0.38033065801047244,0.6536784328749811,1.0
0.3790274448174758,0.7398444052385623,0.9189626701443296,0.0
0.8194506333366569,0.13195373115943046,0.5962811394034248,1.0
0.1521576336791169,0.9947206885597699,0.33406748669240655,1.0
0.6822118423039906,0.09445992960246564,0.7320950467926949,0.0
0.09554623393498583,0.23627688324262558,0.36911550127454307,0.0
0.33856750926463314,0.29234178062520255,0.9815097977240389,0.0
0.42427490604690954,0.6671787809634906,0.3823722030884723,1.0
0.094559309198784,0.19787704366517703,0.7318657716040571,0.0
0.877118671834075,0.043879063071415605,0.568031245610982,1.0
0.741704795897845,0.09548448733706057,0.3904333506693246,1.0
0.14892142487839727,0.6174575771353946,0.6582487267672036,0.0
0.5767087680464307,0.05726848902979532,0.38380313351801265,1.0
0.26528762654104343,0.7188271605862397,0.9445781732743238,0.0
0.45543934998147134,0.32980077965256355,0.6423307297185317,0.0
0.7384369186573824,0.35471626000796797,0.500269538307615,1.0
0.3416414304150538,0.7060685199628068,0.29225826235604163,1.0
0.8901243855496039,0.08177940089116607,0.4685970225721411,1.0
0.405885060481169,0.612607051152699,0.5113714983008425,1.0
0.8818946201727841,0.8464752907255988,0.3970415146533455,1.0
0.12390989159050352,0.7358003941040896,0.4685403563429284,1.0
0.0854185712829926,0.48676865042417816,0.01824852562812866,0.0
0.4689714780813912,0.7492827354759968,0.0582192402014882,0.0
0.36783656639032525,0.5679976940846823,0.8656589536632014,0.0
0.45562597097308205,0.9494357631180722,0.466418517244761,1.0
0.8356077600652865,0.7512173510438163,0.14985719351985927,1.0
0.6368052051095354,0.924679181484885,0.6363140786352254,1.0
0.10033607806235158,0.7283830481636637,0.07295170065679958,0.0
0.6068555918287616,0.40024616917996747,1.0,1.0
0.40687406094707684,0.19023775278061722,0.6523596374515882,0.0
0.6639922288058998,0.6635663644151267,0.551573474726079,1.0
0.1753978168099584,0.9592125204135672,0.3716842577194135,1.0
0.12320036079584662,0.5859418730344449,0.7323920906354121,0.0
0.7887253762385319,0.5993848076731337,0.5062341551294697,1.0
0.5148831446955164,0.029597074643372086,0.2551655765184608,1.0
0.17385948475715693,0.39355673569238603,0.541942658958146,1.0
0.11297906328550593,0.5933688142595621,0.5775797512062903,1.0
0.1832002134008916,0.33103166455730315,0.6171648848057123,0.0
0.49957344452136876,0.9266419549908663,0.9874563643311295,1.0
0.3003168010550903,0.07964716703797428,0.3367070592685604,0.0
0.32453050726947136,0.6549163117888076,0.3002157133928925,1.0
0.03453839477964884,0.047147052633754405,0.3733132839274469,0.0
0.0598432916384276,0.5381471836644937,0.42158098433323266,1.0
0.4597218063848154,0.10189488179624986,0.6233423947253517,0.0
0.5612381364542575,0.8212604492354644,0.6239104699715988,1.0
0.2007699342839481,0.832694724282392,0.7233618947615629,0.0
0.32228494935224744,0.9932784306714767,0.6410629347204744,0.0
0.28326491231796447,0.2229548678507853,0.7134491137696155,0.0
0.851963162237969,0.29501482322326156,0.001916469569111626,0.0
0.004534007987637159,0.5223371578479078,0.4885183471229345,1.0
0.7500397122302856,0.09872823507093233,0.37814817019501046,1.0
0.49561693311771854,0.12541760649753356,0.19235353921552703,1.0
0.8183651877492867,0.016474229966262466,0.5648911833569081,1.0
0.6624908515841018,0.6255375122252633,0.10492634986334098,1.0
0.1893066283559359,0.9119192687623304,0.6109075241459899,1.0
0.13623310920923493,0.9816496403972523,0.6970610747363174,0.0
0.741744985666859,0.6872340878415151,0.1323484587041239,1.0
0.8995014317511429,0.026070664948101528,0.05494396963780924,0.0
0.9124314226059187,0.6148830026064862,0.7205469794304661,1.0
0.7333196987530977,0.8579095790586564,0.16293242602604563,1.0
0.44640172170336373,0.7877263227976294,0.9153031979193755,0.0
0.01563880425462991,0.8183296662511785,0.6409592976150545,0.0
0.4096938748796509,0.6588181099879779,0.09969846824526384,0.0
0.9933415225161184,0.8946658318182302,0.7257020156320242,1.0
0.7570222718165727,0.3587187679929101,0.25272699149729144,1.0
0.49854317716655333,0.4342586739350153,0.023381508602272658,1.0
0.7432754046828844,0.9082575267950262,0.101242632091642,1.0
0.9641804805018616,0.4106987219658959,0.7218756481979055,1.0
0.8143124583195411,0.2957002729524076,0.9995257913017612,0.0
0.11198765698153458,0.9340088807317752,0.014677585972682152,0.0
0.7568612528010997,0.788292470903285,0.05317817159340226,1.0
0.7599827153644377,0.08625689312463798,0.19551710033307856,1.0
0.31527575135089003,0.8303680190955495,0.4124162986130114,1.0
0.582374210855246,0.3123156260943431,0.19065922325410872,1.0
0.06485829070574518,0.18295047238698317,0.3986584064578771,0.0
0.27329792194900515,0.5667251458143567,0.8697942873252295,0.0
0.14469977336049164,0.16640540596094425,0.10429785668604577,0.0
0.9022536509233748,0.03756725462033016,0.37936533271972606,1.0
0.681143662788392,0.8764838014043101,0.11810346088227967,1.0
0.9981526778764727,0.8796962516539488,0.18083951233247153,1.0
0.8967569866505641,0.9669096487990599,0.10776079556136928,1.0
0.21723373125273754,0.5162373764467195,0.5441836118784905,1.0
0.8697124573577308,0.6549260585091381,0.5245097088844646,1.0
0.10314287568918114,0.562709039798871,0.6342956778324349,0.0
0.04906361844948043,0.08532464410886155,0.4282741505181074,0.0
0.024570687706707797,0.16043293055786334,0.4635877392204833,0.0
0.6486653237071277,0.6663749645159142,0.6210802949580343,1.0
0.8833110180063964,0.5113119446919803,0.4604803481429202,1.0
0.2771066106102447,0.3863843599564766,0.43576435153115817,1.0
0.10364070004063237,0.5057887492375637,0.5901344046012594,1.0
0.2818937535800472,0.2989253132836811,0.5447104366137134,0.0
0.9970954492642693,0.2143138413915223,0.09101164240783109,0.0
0.39692759911642245,0.5360279777786827,0.5654955508502508,1.0
0.3267357127399104,0.4250524133349542,0.29296710035745893,1.0
0.4985609629564415,0.8475093397785455,0.27471945065589154,1.0
0.827464468634914,0.7731124124848683,0.4891197357785391,1.0
0.44398498029469735,0.7348199411983306,0.5288678999902457,1.0
0.24027121840362395,0.4573865581478253,0.3384251165960484,1.0
0.08899453485205225,0.4206342611576241,0.36700940924289277,1.0
0.858391713918898,0.816407244944924,0.667989974461634,1.0
0.9494258467181718,0.3250423517095464,0.2511175570746777,1.0
0.23601402991324374,0.5244820210655736,0.21929427520780487,1.0
0.9011944331219023,0.7798462496889125,0.26824068551867963,1.0
0.7664721725889743,0.5860067387782557,0.4637553292745542,1.0
0.037336380560118676,0.8524726927734441,0.4193600340221992,1.0
0.007992789691152151,0.8401158416984436,0.3912561718929057,1.0
0.9716848284261093,0.7606314804379702,0.5956955596240591,1.0
0.14401198994435097,0.0858143179055808,0.7140280083349092,0.0
0.3854125858115481,0.4398709401332989,0.668349424920387,0.0
0.20586019175599715,0.27273675898481486,0.5352359533227923,0.0
0.5316966901515151,0.23828946285705208,0.8429922696874973,0.0
0.5145322025320229,0.1010608604762768,0.9944461440331276,0.0
0.16145385940976453,0.07092979705695619,0.2816129255940224,0.0
0.5018360973126712,0.6495288846606084,0.3119900859305786,1.0
0.23582737895905703,0.14429452022813116,0.32860179587641736,0.0
0.23976352577534993,0.9507283229780585,0.5917210040744512,1.0
0.8757410292264861,0.9520051018557674,0.46262211288358296,1.0
0.39573496034782923,0.7761137262434067,0.9311327347164045,0.0
0.12508317748172101,0.7448389609013755,0.6093403972454602,1.0
0.9247388630466046,0.40853412546015117,0.5042043383630729,1.0
0.44050907990999666,0.9582982804315736,0.676342339415472,0.0
0.5530090881919074,0.7545915072155766,0.07126207837906146,1.0
0.9424298524828618,0.5819071573177292,0.48283499698112603,1.0
0.301133768797862,0.3946079494184183,0.2029625678976293,1.0
0.1568938963747613,0.07228279993295887,0.905437828642044,0.0
0.15938760525228465,0.6939650498055318,0.467110782050423,1.0
0.23652099414639155,0.41202080744914016,0.8686738498572858,0.0
0.9783657126361633,0.08502221759209269,0.648744895788843,0.0
0.7767617735371845,0.7667633062681063,0.6296054942333171,1.0
0.4476969612638591,0.06254334758117391,0.0808538345940017,0.0
0.14698169078371962,0.35160671427751927,0.9699585057870684,0.0
0.7458547890902305,0.7148828606589088,0.8241146358008142,1.0
0.574814252952469,0.4414132762376926,0.08182122922828956,1.0
0.6507495890276437,0.9636567577075017,0.9160963042556639,1.0
0.3451380966940415,0.6215804942300079,0.585438614947619,1.0
0.3262464134946502,0.07355181729663378,0.3565152939381078,0.0
0.9646900067311285,0.1930502139528303,0.5247659874053763,1.0
0.597026005914061,0.09700470917242535,0.7670691955781227,0.0
0.6667830571217489,0.68485806498763,0.5214321805547771,1.0
0.3417188863434736,0.636887736499453,0.9908695634619006,0.0
0.8414054736322267,0.49711860498050015,0.5640177455372956,1.0
0.6704428030628421,0.5979608856836178,0.24297778797663283,1.0
0.3808240516823758,0.6028427834491934,0.16437582152352004,1.0
0.40151933895331476,0.7361537523701674,0.9584611987101747,0.0
0.3944984456916615,0.6094000386017414,0.042579576715004466,0.0
0.9723862852695119,0.7465029864577848,0.8351371904355948,1.0
0.26944077006831146,0.8896245393645167,0.17394735557374758,1.0
0.7587295395402741,0.807404445859041,0.0522408941746132,1.0
0.19322796525130587,0.18299336185938062,0.3511625612021766,0.0
0.9001021970788774,0.6439046430848445,0.7259275167778678,1.0
0.4202322742051623,0.1827207877465007,0.17749915206713934,0.0
0.5116297558945803,0.6579404793130381,0.0883899317766497,1.0
0.6483539151056855,0.028697642375133607,0.6045754795012243,1.0
0.16364160587995658,0.3878406387374776,0.8324479687569725,0.0
0.39566465054539635,0.9855548711808032,0.45656864653292106,1.0
0.34197442540117257,0.9452561414910261,0.8603374467323069,0.0
0.8860128516799612,0.9438982240244566,0.40826633439702303,1.0
0.2697822528436627,0.18000906514431644,0.020508810938009686,0.0
0.33508726567230845,0.3620053583704332,0.16881566112190224,1.0
0.7227526717054188,0.4685954152093455,0.9930022447345624,1.0
0.6533960598636789,0.3858811435024486,0.46695629997487215,1.0
0.4198258937998314,0.5890486222503653,0.9343875035419931,0.0
0.4893915003790125,0.11201396859524605,0.17340116156735105,0.0
0.5907437713792023,0.3040607760623336,0.8031283983299298,0.0
0.8685339375926965,0.7581277548180408,0.5692265373603465,1.0
0.3170145378898719,0.7915203791450254,0.7642963964234037,0.0
0.2880149391201365,0.25382076931524644,0.5039161173767929,0.0
0.6710854825912487,0.2029547992978937,0.24994997583816314,1.0
0.3900089102432063,0.36748928296929123,0.4393220878883095,1.0
0.6134872428226312,0.28720143819517957,0.6678694337280388,0.0
0.32796163134272216,0.13569294365323425,0.2385428388042593,0.0
0.4677454246285164,0.6692379658933009,0.1873599918156408,1.0
0.6661034015309786,0.20006531173248263,0.7821205708109312,0.0
0.7551663061078854,0.8400635427844599,0.994911163461622,1.0
0.7013454850175257,0.48054749112029543,0.27702232606728416,1.0
0.9853780208853293,0.33878897286195664,0.6586916881830851,1.0
0.24960757793080446,0.5391899195180027,0.2526071894918984,1.0
0.7327653449703397,0.8683045630464402,0.016852427587898924,1.0
0.2164341612434166,0.7551408711185575,0.9405901235889677,0.0
0.6003240283684061,0.2504114096792692,0.7232684122068286,0.0
0.7468191483642616,0.5532817780405492,0.11019808118858135,1.0
0.5357858407715702,0.6559911480309775,0.7588383601019023,1.0
0.20960450816138695,0.8576501965948966,0.9127327827110804,0.0
0.7527733247735122,0.4139342287389041,0.6347091621732324,1.0
0.9529535466700898,0.12382285537949837,0.06179079604227016,0.0
0.19754696155812781,0.37770367895005963,0.4135550232415342,1.0
0.41947314128596486,0.26536832652931736,0.8384223624837749,0.0
0.751941076992716,0.4758755159349108,0.9476162448248624,1.0
0.8648901593669126,0.4478674859516846,0.9884986404811094,1.0
0.4609054789160961,0.4212375560386186,0.5559962315886642,1.0
0.6293658711750051,0.2687479065267223,0.011663237259911294,0.0
0.18031272090958153,0.43584285530447137,0.8551230294589134,0.0
0.13226397652990024,0.7167656343878518,0.5586580976361383,1.0
0.5607954779082762,0.17042854307145902,0.17102986631955264,1.0
0.9747611304764952,0.9035121266606126,0.22959403023427286,1.0
0.6246551026323298,0.34364875314838855,0.44397233865003277,1.0
0.7377227074635299,0.4276129143951953,0.15047138802368393,1.0
0.8983183260686716,0.24356090790743187,0.7680154896347882,0.0
0.04245201366531219,0.36390051725061134,0.5607718662278564,1.0
0.22520382684818266,0.5324487126520511,0.9849006214599267,0.0
0.6470246455473639,0.8157959413879232,0.09958750400349191,1.0
0.7857130795359254,0.5960959420846202,0.19556414050309254,1.0
0.5018359666832743,0.49568698315049387,0.646363773601884,1.0
0.005098935613691648,0.27425145938862067,0.9151583581547477,0.0
0.12397460758984137,0.6052356989717478,0.5934198498870469,1.0
0.01619791230501756,0.7624239735260258,0.13778066055490182,1.0
0.22982800628178135,0.06821278157908446,0.2602298000372755,0.0
0.7076255443136915,0.4467458637320514,0.7428967124168692,1.0
0.27307869692062914,0.4960228583248871,0.9933838065774889,0.0
0.8727489343752923,0.7525751967366763,0.2242298191777587,1.0
0.31388154322903805,0.3406548082446218,0.8209627180174878,0.0
0.02419876945559113,0.44585960899386196,0.8787808702047399,0.0
0.24356160480067457,0.5952719392286275,0.013137691118869232,0.0
0.5041669954572134,0.6486960619599731,0.8217228512603144,1.0
0.3009261544917448,0.9054548736360778,0.00029190920289921,0.0
0.6459706355045158,0.5348610422737885,0.49400742486314114,1.0
0.022622622483109787,0.021190712443336895,0.30636743096078434,0.0
0.6330896178000204,0.6188000281495031,0.20516654917589158,1.0
0.3417444438214436,0.47290225716868245,0.8900501460759888,0.0
0.020441961355475873,0.549035800770602,0.08975714045643955,0.0
0.9142097798436337,0.4460887754712332,0.019968366386031586,1.0
0.9479669880278331,0.04724999308178128,0.02836991965722159,0.0
0.5253752383055901,0.28217683913747216,0.710360388197458,0.0
0.8580966300671036,0.2065335008499488,0.9312304305618823,0.0
0.44871482657326356,0.7667155485546555,0.7769624158242343,0.0
0.8812544140938207,1.0,0.9297795390873785,1.0
0.006739475179105715,0.7962878840043103,0.6258761496154118,0.0
0.8045990161738389,0.942861425407611,0.06303493979257202,1.0
0.826792587079814,0.10174959714475171,0.1418591037551901,1.0
0.3240424724318283,0.19292091384978688,0.6753820878371588,0.0
0.97554195770579,0.8966308333728723,0.9295247493347953,1.0
0.9957543060701586,0.7496432251806614,0.5019968305385166,1.0
0.33981676332582694,0.24107434507724182,0.9629375375836733,0.0
0.42906008933251527,0.20708390162178886,0.7405713579703179,0.0
0.5357797585937499,0.3847731159876458,0.7846292917515107,1.0
0.41248949581616484,0.44018354294404843,0.2941254079788266,1.0
0.17758188603911199,0.3231439350212683,0.5574071218395314,0.0
0.8045776089697133,0.3688193046365409,0.24308704042904108,1.0
0.6979967462643786,0.4690492991936506,0.7210576569090209,1.0
0.6259288576596295,0.9794792337390335,0.4182160448444162,1.0
0.06050274015296416,0.8703560178880764,0.7747409485639197,0.0
0.6010096082886773,0.6666210588199212,0.7725235782854661,1.0
0.4874266945857239,0.9379623088054283,0.7267469097628028,0.0
0.5515099407344709,0.8238513049197426,0.8754548270748853,1.0
0.9737137778390097,0.6183094837034424,0.23671394999410317,1.0
0.7759052253389145,0.2560105283283129,0.46268608868570116,1.0
0.14501808897453836,0.7138921079225908,0.9472787441246013,0.0
0.7318499311549531,0.41691823160115205,0.8041251493544107,1.0
0.04419057221688061,0.509083561737608,0.8210096460848821,0.0
0.20416235900161614,0.035427801806046356,0.34657488962778377,0.0
0.4814173109852373,0.08420920001265564,0.4499842047293213,0.0
0.35058904184023404,0.9597475127857149,0.9682496087593698,0.0
0.005002005836456628,0.21894817795710006,0.014176499148956133,0.0
0.16959893743852886,0.5012052763923047,0.8687095620172518,0.0
0.8461847694163287,0.15456087575539876,0.6797319383625685,0.0
0.25288065689742834,0.9748164928629,0.9305987709086466,0.0
0.04415441726192463,0.7635557788546948,0.9736094971820448,0.0
0.41368188478367335,0.6185401619774699,0.8673595621695516,0.0
0.37191202423460756,0.5716022368299775,0.3747981916836544,1.0
0.7742308316712102,0.7345965591386259,0.18088695865263782,1.0
0.3562486606850379,0.029648915586697504,0.3428517602782648,0.0
0.3181037344350141,0.02004568693426727,0.717513366140214,0.0
0.36644870957877035,0.9285777986406273,0.4550775286363189,1.0
0.36780147098209337,0.7123191301703988,0.8042043553263203,0.0
0.14974139186869506,0.20014919934580014,0.6927113068025021,0.0
0.7711934798248341,0.4774062996421591,0.5949524516748335,1.0
0.7117765505089451,0.08372914258671953,0.5096230011505121,1.0
0.9331461510614558,0.16597534821122484,0.8189926342939634,0.0
0.4410600300473974,0.8117739811444634,0.5052097619855317,1.0
0.28557650429857956,0.10157958640115058,0.8793156416114636,0.0
0.017042171369261467,0.17005770313835686,0.5509570241752323,0.0
0.2798883615055221,0.31312847821490775,0.8677749384444092,0.0
0.2950811340565925,0.6427231014548753,0.6150893241398392,0.0
0.23485639225082597,0.0790388663956496,0.4971606543318065,0.0
0.6233768886254915,0.8167756386070008,0.533925696483693,1.0
0.6018751878427693,0.11734834864188805,0.07408631152235097,0.0
0.38974765485282964,0.8911771202333917,0.3904884440540321,1.0
0.54047635920616,0.8057495561887951,0.9388155015808263,1.0
0.7274735575464565,0.8297368125392575,0.9529550275959074,1.0
0.75934034069484,0.3638728908369729,0.2975052386624894,1.0
0.971495057697922,0.9585373037036082,0.3591247130157428,1.0
0.28411993087498494,0.8981519827905748,0.285904349170261,1.0
0.3854182130351926,0.9786051100280128,0.7839959944912623,0.0
0.7677480352149827,0.08292792928358196,0.08829136295065665,0.0
0.4046744504213931,0.05819201670349608,0.6213179604389174,0.0
0.3786310797682313,0.14952548366692317,0.39568704440407065,0.0
0.9094336869990634,0.7593605315885151,0.4593055932223429,1.0
0.1556869104256236,0.8193707207394085,0.2781896799069426,1.0
0.6947712429153885,0.47096478604648634,0.5263261763851186,1.0
0.6469699943967631,0.880450956956067,0.9587739762060807,1.0
0.304118004107468,0.8182627366254906,0.8032722887825811,0.0
0.7743957254492818,0.5705691177894264,0.30760444908711804,1.0
0.8566657039052877,0.7539337951840601,0.046539054265573275,1.0
0.6871313244941556,0.7119158337119625,0.24544181290865366,1.0
0.7888807166590697,0.0432984849983494,0.9620294979676088,0.0
0.26950877769367626,0.3640810249129356,0.7410062633113902,0.0
0.3621919005431088,0.26056637428842766,0.7376887575502444,0.0
0.032697699950620204,0.6190859315396461,0.3566408187166778,1.0
0.7380733285200864,0.40340023811095044,0.5530699088452438,1.0
0.2763833401030662,0.24021829748238085,0.05119797318517448,0.0
0.6571947264788142,0.13186450902672986,0.1381660204097566,1.0
0.15225634798403595,0.709582976809036,0.724070910699169,0.0
0.26954335060383117,0.0,0.2513992261842619,0.0
0.3227905914007597,0.7657516458858994,0.12049327004178637,0.0
0.8470876924252922,0.11882769982886221,0.898718197323167,0.0
0.3019516311221088,0.48917888872050136,0.8035199392160307,0.0
0.5556722780387356,0.912875020346743,0.017739319566337453,1.0
0.003716178003916601,0.4437448499214535,0.5434976610378173,1.0
0.8713927382019145,0.298945496512213,0.9249270657572041,0.0
0.7173361275001559,0.2928692584424406,0.6334810413649306,0.0
0.7404201867604815,0.22121259385689768,0.3987418138188669,1.0
0.9323241905773613,0.552618910565254,0.42300628365928,1.0
0.7589260250111153,0.44980775379433624,0.27464303161826303,1.0
0.41605337482361393,0.5276694800410124,0.9954245435237478,0.0
0.4199227971813214,0.7746470993031127,0.49841150054333455,1.0
0.40956263757872297,0.32671914922295087,0.7933555824364696,0.0
0.9623026846911745,0.2513033683375979,0.7757222698166075,0.0
0.09673097145132893,0.5695827974303042,0.4085270251323318,1.0
0.8050687034549976,0.1758313022895211,0.30405702290922915,1.0
0.8965789948574013,0.8371217250350481,0.9485390500613012,1.0
0.9511130981299093,0.998547609225956,0.7861124850694693,1.0
0.9632949566791341,0.0819115618874492,0.5675809548771974,1.0
0.7996689382742361,0.3762982881764902,0.05367286529885154,1.0
0.2543768690932355,0.03468088781490724,0.5566484961964164,0.0
0.3356887921740192,0.3637974564978813,0.7776162552042915,0.0
0.28173332616692426,0.7230866264922332,0.16487117548654137,1.0
0.6849816844065059,0.0796005160777313,0.6131308955929072,1.0
0.026293009240192452,0.022213202714051555,0.349570227313449,0.0
0.29370856889227115,0.47370854030205684,0.5423244142898024,1.0
0.6419067998285182,0.5443374411892647,0.2320373379365191,1.0
0.870474800564079,0.7683549503254499,0.7252752547408802,1.0
0.932977662594836,0.47772899556315623,0.7450973064557429,1.0
0.4789611745151584,0.9092144858964583,0.10744594141627196,0.0
0.9165488475820213,0.46332274265121925,0.3136039397184494,1.0
0.2734026253405742,0.14112786453139475,0.8722336944880984,0.0
0.9309305744690327,0.024626341515117705,0.41026995457174453,1.0
0.0015041801705660428,0.2848661333387101,0.7340570671563175,0.0
0.24288651475756878,0.33261693858029223,0.3461490693570244,1.0
0.8707441566280556,0.9684966416043719,0.11187412885159714,1.0
0.6806421240044678,0.2876144467446601,0.9286652882670394,0.0
0.3746150815788978,0.11287183012205088,0.31255380546813644,0.0
0.3759394083764785,0.30858571852811517,0.17072433690338473,0.0
0.3683442221828995,0.25838120459370906,0.07460388747963898,0.0
0.8901006869933622,0.5946836108297165,0.4070863950974903,1.0
0.8640188694575173,0.895464385412383,0.10798505750482257,1.0
0.88536182829642,0.8728507599810095,0.6718724259558306,1.0
0.6831360998101702,0.43228603727360443,0.5783914300384185,1.0
0.32288150381112896,0.8379459463021123,0.6643858487381072,0.0
0.6484169852153177,0.4546336075716053,0.7512757919615619,1.0
0.11980872142488921,0.4726552618839904,0.15495473414038563,1.0
0.6950185030022374,0.3000611464679163,0.7973892992869641,0.0
0.09543129020369147,0.7352483429865276,0.11730060228010283,0.0
0.400022973586279,0.7491157404928787,0.6509394843822413,0.0
0.3897952099928525,0.7311096347421827,0.8476371009922652,0.0
0.29629695216049323,0.6961147779893837,0.1683230206539779,1.0
0.655484232951871,0.013373279673135369,0.22571020549340412,1.0
0.6093680549785515,0.7000523803683937,0.7897273227475505,1.0
0.582426838945469,0.15050582425515205,0.8279933604005405,0.0
0.9539124105881558,0.7145681366003032,0.6881422262365501,1.0
0.9434580886981616,0.29184450364290887,0.5558205181706141,1.0
